Display Name Russ,Display Name
"ООО "" ОО ""АВО-М""","LLC ""OO"" AVO-M """
"АО ""АВТОАССИСТАНС""","JSC ""AutoStanstans"""
"АО ""АВТОАССИСТАНС""","JSC ""AutoStanstans"""
"АО ""АВТОАССИСТАНС""","JSC ""AutoStanstans"""
"АО ""АВТОАССИСТАНС""","JSC ""AutoStanstans"""
"АО ""АВТОАССИСТАНС""","JSC ""AutoStanstans"""
"АО ""АВТОАССИСТАНС""","JSC ""AutoStanstans"""
"АО ""АВТОАССИСТАНС""","JSC ""AutoStanstans"""
"ООО ""БРЭНДСТУДИО""","LLC ""Brandstudio"""
"ООО ""ПетербургГаз""","Petersburg LLC ""Petersburg"
"АО ""Ленпромгаз""","JSC ""Lenpromgaz"""
"ГУП ""Водоканал Санкт-Петербурга""","GUP ""Vodokanal of St. Petersburg"""
"ГУП ""Водоканал Санкт-Петербурга""","GUP ""Vodokanal of St. Petersburg"""
"ООО ""АВС ""","LLC ""AVS"""
"ООО ""А24""","LLC ""A24"""
"ООО ""А24""","LLC ""A24"""
"ООО ""А24""","LLC ""A24"""
"ОАО ""НТВ-Плюс""",OJSC NTV-PLUS
"ОАО ""НТВ-Плюс""",OJSC NTV-PLUS
"ОАО ""НТВ-Плюс""",United Aircraft
"ОАО ""НТВ-Плюс""",Institute Giprostroymost - Saint-Petersburgg
